Instructor,Day,Time Slot,From Department,Specialization
Prof. Garcia,Sunday,15:00-16:00,CBS,Law
Prof. Garcia,Sunday,9:00-10:00,COE,Accounting
Prof. Garcia,Sunday,13:00-14:00,COE,Marketing
Prof. Garcia,Sunday,16:00-17:00,COED,Marketing
Prof. Garcia,Tuesday,15:00-16:00,COED,English
Prof. Garcia,Tuesday,9:00-10:00,CBS,Math
Prof. Garcia,Tuesday,13:00-14:00,COE,Law
Prof. Garcia,Tuesday,16:00-17:00,COE,Accounting
Prof. Garcia,Saturday,15:00-16:00,CAS,Finance
Prof. Garcia,Saturday,9:00-10:00,COED,Marketing
Prof. Garcia,Saturday,13:00-14:00,COED,Math
Prof. Garcia,Saturday,16:00-17:00,COE,English
Prof. Garcia,Friday,15:00-16:00,COE,English
Prof. Garcia,Friday,9:00-10:00,CAS,English
Prof. Garcia,Friday,13:00-14:00,CAS,Law
Prof. Garcia,Friday,16:00-17:00,COED,Law
Prof. Reyes,Monday,12:00-13:00,CBS,Finance
Prof. Reyes,Monday,16:00-17:00,COED,Accounting
Prof. Reyes,Monday,14:00-15:00,COE,Marketing
Prof. Reyes,Thursday,12:00-13:00,COE,Finance
Prof. Reyes,Thursday,16:00-17:00,CAS,Accounting
Prof. Reyes,Thursday,14:00-15:00,CBS,Law
Prof. Reyes,Wednesday,12:00-13:00,COE,Finance
Prof. Reyes,Wednesday,16:00-17:00,COED,Accounting
Prof. Reyes,Wednesday,14:00-15:00,CAS,Law
Prof. Santos,Sunday,12:00-13:00,COED,Programming
Prof. Santos,Sunday,17:00-18:00,COE,English
Prof. Santos,Sunday,14:00-15:00,CAS,Programming
Prof. Santos,Sunday,9:00-10:00,CAS,Marketing
Prof. Santos,Sunday,10:00-11:00,COE,Marketing
Prof. Santos,Wednesday,12:00-13:00,CAS,Law
Prof. Santos,Wednesday,17:00-18:00,CAS,Accounting
Prof. Santos,Wednesday,14:00-15:00,CAS,Finance
Prof. Santos,Wednesday,9:00-10:00,CBS,Programming
Prof. Santos,Wednesday,10:00-11:00,CAS,Accounting
Prof. Santos,Saturday,12:00-13:00,COE,English
Prof. Santos,Saturday,17:00-18:00,CAS,Programming
Prof. Santos,Saturday,14:00-15:00,COE,English
Prof. Santos,Saturday,9:00-10:00,CAS,Law
Prof. Santos,Saturday,10:00-11:00,COED,English
Prof. Santos,Monday,12:00-13:00,COE,Programming
Prof. Santos,Monday,17:00-18:00,COED,Finance
Prof. Santos,Monday,14:00-15:00,COED,English
Prof. Santos,Monday,9:00-10:00,COED,Math
Prof. Santos,Monday,10:00-11:00,CBS,Math
Prof. Santos,Tuesday,12:00-13:00,CBS,Law
Prof. Santos,Tuesday,17:00-18:00,COED,Accounting
Prof. Santos,Tuesday,14:00-15:00,COE,English
Prof. Santos,Tuesday,9:00-10:00,CBS,Finance
Prof. Santos,Tuesday,10:00-11:00,CBS,English
Prof. Cruz,Friday,13:00-14:00,COE,Math
Prof. Cruz,Friday,7:00-8:00,CBS,Finance
Prof. Cruz,Friday,15:00-16:00,CBS,Law
Prof. Cruz,Friday,17:00-18:00,CBS,Marketing
Prof. Cruz,Tuesday,13:00-14:00,COED,Law
Prof. Cruz,Tuesday,7:00-8:00,CBS,English
Prof. Cruz,Tuesday,15:00-16:00,COE,Law
Prof. Cruz,Tuesday,17:00-18:00,COED,Law
Prof. Cruz,Thursday,13:00-14:00,COED,Law
Prof. Cruz,Thursday,7:00-8:00,COED,Programming
Prof. Cruz,Thursday,15:00-16:00,COED,English
Prof. Cruz,Thursday,17:00-18:00,CBS,Law
Prof. Cruz,Wednesday,13:00-14:00,COED,Marketing
Prof. Cruz,Wednesday,7:00-8:00,COED,English
Prof. Cruz,Wednesday,15:00-16:00,CBS,Programming
Prof. Cruz,Wednesday,17:00-18:00,CBS,Marketing
Prof. Bautista,Thursday,11:00-12:00,COED,Programming
Prof. Bautista,Thursday,13:00-14:00,CAS,Programming
Prof. Bautista,Thursday,15:00-16:00,CBS,Law
Prof. Bautista,Saturday,11:00-12:00,COED,Marketing
Prof. Bautista,Saturday,13:00-14:00,COE,Math
Prof. Bautista,Saturday,15:00-16:00,COED,Law
Prof. Bautista,Sunday,11:00-12:00,COED,Math
Prof. Bautista,Sunday,13:00-14:00,CAS,English
Prof. Bautista,Sunday,15:00-16:00,COE,Math
Prof. Rivera,Thursday,8:00-9:00,COED,Programming
Prof. Rivera,Thursday,7:00-8:00,COE,English
Prof. Rivera,Thursday,14:00-15:00,COE,Finance
Prof. Rivera,Saturday,8:00-9:00,CAS,Accounting
Prof. Rivera,Saturday,7:00-8:00,COED,English
Prof. Rivera,Saturday,14:00-15:00,COE,Marketing
Prof. Rivera,Monday,8:00-9:00,CBS,English
Prof. Rivera,Monday,7:00-8:00,COED,Math
Prof. Rivera,Monday,14:00-15:00,COE,Programming
Prof. Lopez,Friday,7:00-8:00,CAS,Accounting
Prof. Lopez,Friday,14:00-15:00,COED,Finance
Prof. Lopez,Friday,9:00-10:00,CBS,Programming
Prof. Lopez,Tuesday,7:00-8:00,COED,English
Prof. Lopez,Tuesday,14:00-15:00,COED,English
Prof. Lopez,Tuesday,9:00-10:00,COED,Marketing
Prof. Lopez,Wednesday,7:00-8:00,CBS,English
Prof. Lopez,Wednesday,14:00-15:00,COE,Programming
Prof. Lopez,Wednesday,9:00-10:00,CBS,Finance
Prof. Lopez,Monday,7:00-8:00,COED,Accounting
Prof. Lopez,Monday,14:00-15:00,CAS,Math
Prof. Lopez,Monday,9:00-10:00,COED,Programming
Prof. Lopez,Sunday,7:00-8:00,CAS,Programming
Prof. Lopez,Sunday,14:00-15:00,CAS,Programming
Prof. Lopez,Sunday,9:00-10:00,CAS,Accounting
Prof. Martinez,Friday,9:00-10:00,COE,Law
Prof. Martinez,Friday,8:00-9:00,CAS,Law
Prof. Martinez,Friday,16:00-17:00,CAS,Accounting
Prof. Martinez,Friday,7:00-8:00,CAS,Finance
Prof. Martinez,Friday,11:00-12:00,CAS,English
Prof. Martinez,Wednesday,9:00-10:00,COE,Math
Prof. Martinez,Wednesday,8:00-9:00,COE,Programming
Prof. Martinez,Wednesday,16:00-17:00,COE,Marketing
Prof. Martinez,Wednesday,7:00-8:00,COED,English
Prof. Martinez,Wednesday,11:00-12:00,COE,Accounting
Prof. Martinez,Thursday,9:00-10:00,CBS,Programming
Prof. Martinez,Thursday,8:00-9:00,COED,Law
Prof. Martinez,Thursday,16:00-17:00,CBS,Programming
Prof. Martinez,Thursday,7:00-8:00,CBS,Marketing
Prof. Martinez,Thursday,11:00-12:00,CAS,Law
Prof. Martinez,Saturday,9:00-10:00,CAS,Law
Prof. Martinez,Saturday,8:00-9:00,COED,Law
Prof. Martinez,Saturday,16:00-17:00,COED,Programming
Prof. Martinez,Saturday,7:00-8:00,COE,Finance
Prof. Martinez,Saturday,11:00-12:00,CAS,Marketing
Prof. Gomez,Friday,17:00-18:00,CAS,Finance
Prof. Gomez,Friday,16:00-17:00,CAS,English
Prof. Gomez,Friday,13:00-14:00,COE,Finance
Prof. Gomez,Tuesday,17:00-18:00,COE,Accounting
Prof. Gomez,Tuesday,16:00-17:00,COED,Math
Prof. Gomez,Tuesday,13:00-14:00,COE,English
Prof. Gomez,Monday,17:00-18:00,CBS,Finance
Prof. Gomez,Monday,16:00-17:00,CBS,Marketing
Prof. Gomez,Monday,13:00-14:00,COED,Marketing
Prof. Gomez,Wednesday,17:00-18:00,COE,Marketing
Prof. Gomez,Wednesday,16:00-17:00,COE,Accounting
Prof. Gomez,Wednesday,13:00-14:00,CBS,Finance
Prof. Gomez,Saturday,17:00-18:00,COE,Accounting
Prof. Gomez,Saturday,16:00-17:00,CBS,Accounting
Prof. Gomez,Saturday,13:00-14:00,COED,Math
Prof. Gomez,Thursday,17:00-18:00,CAS,Accounting
Prof. Gomez,Thursday,16:00-17:00,CBS,Programming
Prof. Gomez,Thursday,13:00-14:00,COED,Marketing
Prof. Torres,Sunday,10:00-11:00,COE,Law
Prof. Torres,Sunday,17:00-18:00,COE,Law
Prof. Torres,Sunday,12:00-13:00,COE,English
Prof. Torres,Sunday,15:00-16:00,COE,Accounting
Prof. Torres,Sunday,13:00-14:00,COE,Law
Prof. Torres,Wednesday,10:00-11:00,COE,English
Prof. Torres,Wednesday,17:00-18:00,CBS,Finance
Prof. Torres,Wednesday,12:00-13:00,COE,Marketing
Prof. Torres,Wednesday,15:00-16:00,COE,Marketing
Prof. Torres,Wednesday,13:00-14:00,CAS,English
Prof. Torres,Tuesday,10:00-11:00,CAS,Programming
Prof. Torres,Tuesday,17:00-18:00,COED,Finance
Prof. Torres,Tuesday,12:00-13:00,COED,Math
Prof. Torres,Tuesday,15:00-16:00,CAS,English
Prof. Torres,Tuesday,13:00-14:00,CAS,Law
Prof. Torres,Thursday,10:00-11:00,CBS,Finance
Prof. Torres,Thursday,17:00-18:00,CAS,Programming
Prof. Torres,Thursday,12:00-13:00,CBS,Finance
Prof. Torres,Thursday,15:00-16:00,CBS,Finance
Prof. Torres,Thursday,13:00-14:00,COE,English
Prof. Flores,Wednesday,17:00-18:00,CBS,Programming
Prof. Flores,Wednesday,14:00-15:00,CAS,Programming
Prof. Flores,Wednesday,10:00-11:00,CBS,Finance
Prof. Flores,Wednesday,7:00-8:00,CAS,Programming
Prof. Flores,Wednesday,13:00-14:00,COE,Finance
Prof. Flores,Monday,17:00-18:00,CBS,Marketing
Prof. Flores,Monday,14:00-15:00,COED,Finance
Prof. Flores,Monday,10:00-11:00,COE,Finance
Prof. Flores,Monday,7:00-8:00,CAS,Accounting
Prof. Flores,Monday,13:00-14:00,COE,Programming
Prof. Flores,Saturday,17:00-18:00,COE,English
Prof. Flores,Saturday,14:00-15:00,COE,Law
Prof. Flores,Saturday,10:00-11:00,CBS,Programming
Prof. Flores,Saturday,7:00-8:00,COED,Marketing
Prof. Flores,Saturday,13:00-14:00,COE,Accounting
Prof. Flores,Tuesday,17:00-18:00,COED,Accounting
Prof. Flores,Tuesday,14:00-15:00,CBS,Finance
Prof. Flores,Tuesday,10:00-11:00,CAS,Marketing
Prof. Flores,Tuesday,7:00-8:00,CBS,Accounting
Prof. Flores,Tuesday,13:00-14:00,CAS,Accounting
Prof. Flores,Thursday,17:00-18:00,CAS,Math
Prof. Flores,Thursday,14:00-15:00,CAS,English
Prof. Flores,Thursday,10:00-11:00,COED,Programming
Prof. Flores,Thursday,7:00-8:00,CAS,Programming
Prof. Flores,Thursday,13:00-14:00,COE,Programming
Prof. Flores,Sunday,17:00-18:00,CBS,English
Prof. Flores,Sunday,14:00-15:00,CAS,Accounting
Prof. Flores,Sunday,10:00-11:00,CBS,Finance
Prof. Flores,Sunday,7:00-8:00,CAS,Law
Prof. Flores,Sunday,13:00-14:00,COED,Math
Prof. Ramos,Thursday,16:00-17:00,COE,Programming
Prof. Ramos,Thursday,13:00-14:00,COED,English
Prof. Ramos,Thursday,14:00-15:00,CBS,Marketing
Prof. Ramos,Monday,16:00-17:00,COE,Accounting
Prof. Ramos,Monday,13:00-14:00,CAS,Law
Prof. Ramos,Monday,14:00-15:00,CAS,Law
Prof. Ramos,Tuesday,16:00-17:00,COE,Programming
Prof. Ramos,Tuesday,13:00-14:00,COED,Law
Prof. Ramos,Tuesday,14:00-15:00,COE,Math
Prof. Ramos,Sunday,16:00-17:00,COED,Law
Prof. Ramos,Sunday,13:00-14:00,CBS,Math
Prof. Ramos,Sunday,14:00-15:00,COE,Programming
Prof. Ramos,Wednesday,16:00-17:00,CBS,Law
Prof. Ramos,Wednesday,13:00-14:00,COED,English
Prof. Ramos,Wednesday,14:00-15:00,COED,Math
Prof. Ramos,Saturday,16:00-17:00,COED,Programming
Prof. Ramos,Saturday,13:00-14:00,COE,Marketing
Prof. Ramos,Saturday,14:00-15:00,COE,Accounting
Prof. Gonzales,Tuesday,13:00-14:00,CBS,Programming
Prof. Gonzales,Tuesday,16:00-17:00,COE,Accounting
Prof. Gonzales,Tuesday,7:00-8:00,COED,Law
Prof. Gonzales,Tuesday,9:00-10:00,CAS,Marketing
Prof. Gonzales,Tuesday,11:00-12:00,COED,Finance
Prof. Gonzales,Wednesday,13:00-14:00,COED,Accounting
Prof. Gonzales,Wednesday,16:00-17:00,CBS,Marketing
Prof. Gonzales,Wednesday,7:00-8:00,COE,English
Prof. Gonzales,Wednesday,9:00-10:00,COED,English
Prof. Gonzales,Wednesday,11:00-12:00,CAS,English
Prof. Gonzales,Saturday,13:00-14:00,COED,Finance
Prof. Gonzales,Saturday,16:00-17:00,COED,Accounting
Prof. Gonzales,Saturday,7:00-8:00,CAS,Law
Prof. Gonzales,Saturday,9:00-10:00,COE,Marketing
Prof. Gonzales,Saturday,11:00-12:00,COE,Math
Prof. Gonzales,Sunday,13:00-14:00,COE,Law
Prof. Gonzales,Sunday,16:00-17:00,COE,Accounting
Prof. Gonzales,Sunday,7:00-8:00,CBS,Marketing
Prof. Gonzales,Sunday,9:00-10:00,COED,Law
Prof. Gonzales,Sunday,11:00-12:00,COED,Programming
Prof. Gonzales,Monday,13:00-14:00,COE,Finance
Prof. Gonzales,Monday,16:00-17:00,COE,English
Prof. Gonzales,Monday,7:00-8:00,COED,English
Prof. Gonzales,Monday,9:00-10:00,COE,Math
Prof. Gonzales,Monday,11:00-12:00,CAS,Finance
Prof. Salazar,Tuesday,16:00-17:00,COE,Law
Prof. Salazar,Tuesday,13:00-14:00,COE,Finance
Prof. Salazar,Tuesday,9:00-10:00,COED,Marketing
Prof. Salazar,Tuesday,17:00-18:00,CAS,Math
Prof. Salazar,Tuesday,10:00-11:00,COE,Math
Prof. Salazar,Saturday,16:00-17:00,CBS,Programming
Prof. Salazar,Saturday,13:00-14:00,CAS,Math
Prof. Salazar,Saturday,9:00-10:00,COE,English
Prof. Salazar,Saturday,17:00-18:00,CBS,Programming
Prof. Salazar,Saturday,10:00-11:00,CAS,Finance
Prof. Salazar,Thursday,16:00-17:00,COE,Marketing
Prof. Salazar,Thursday,13:00-14:00,CBS,Marketing
Prof. Salazar,Thursday,9:00-10:00,CAS,Marketing
Prof. Salazar,Thursday,17:00-18:00,COED,Finance
Prof. Salazar,Thursday,10:00-11:00,CAS,Accounting
Prof. Salazar,Friday,16:00-17:00,CBS,English
Prof. Salazar,Friday,13:00-14:00,CBS,Law
Prof. Salazar,Friday,9:00-10:00,CAS,Programming
Prof. Salazar,Friday,17:00-18:00,COED,Math
Prof. Salazar,Friday,10:00-11:00,COED,Programming
Prof. Mendoza,Wednesday,17:00-18:00,COED,Marketing
Prof. Mendoza,Wednesday,14:00-15:00,CAS,Math
Prof. Mendoza,Wednesday,16:00-17:00,COE,English
Prof. Mendoza,Monday,17:00-18:00,CBS,Marketing
Prof. Mendoza,Monday,14:00-15:00,COE,English
Prof. Mendoza,Monday,16:00-17:00,COE,Accounting
Prof. Mendoza,Thursday,17:00-18:00,COED,Programming
Prof. Mendoza,Thursday,14:00-15:00,COED,Math
Prof. Mendoza,Thursday,16:00-17:00,COE,Law
Prof. Mendoza,Friday,17:00-18:00,CBS,Math
Prof. Mendoza,Friday,14:00-15:00,COED,Math
Prof. Mendoza,Friday,16:00-17:00,CAS,Marketing
Prof. Mendoza,Saturday,17:00-18:00,COED,English
Prof. Mendoza,Saturday,14:00-15:00,COE,Math
Prof. Mendoza,Saturday,16:00-17:00,COE,Marketing
Prof. Castro,Sunday,7:00-8:00,COE,Finance
Prof. Castro,Sunday,8:00-9:00,COED,Math
Prof. Castro,Sunday,15:00-16:00,CAS,Programming
Prof. Castro,Sunday,11:00-12:00,CBS,English
Prof. Castro,Sunday,12:00-13:00,CAS,Accounting
Prof. Castro,Friday,7:00-8:00,CBS,Law
Prof. Castro,Friday,8:00-9:00,COE,Accounting
Prof. Castro,Friday,15:00-16:00,CBS,Finance
Prof. Castro,Friday,11:00-12:00,CBS,Accounting
Prof. Castro,Friday,12:00-13:00,CAS,Programming
Prof. Castro,Wednesday,7:00-8:00,CAS,Marketing
Prof. Castro,Wednesday,8:00-9:00,CAS,English
Prof. Castro,Wednesday,15:00-16:00,COED,Marketing
Prof. Castro,Wednesday,11:00-12:00,CAS,English
Prof. Castro,Wednesday,12:00-13:00,COED,Marketing
Prof. Navarro,Sunday,12:00-13:00,CBS,Accounting
Prof. Navarro,Sunday,10:00-11:00,CAS,Accounting
Prof. Navarro,Sunday,7:00-8:00,COE,English
Prof. Navarro,Sunday,9:00-10:00,CBS,Accounting
Prof. Navarro,Sunday,13:00-14:00,COED,Marketing
Prof. Navarro,Wednesday,12:00-13:00,CBS,Finance
Prof. Navarro,Wednesday,10:00-11:00,COED,English
Prof. Navarro,Wednesday,7:00-8:00,COED,Accounting
Prof. Navarro,Wednesday,9:00-10:00,CBS,Math
Prof. Navarro,Wednesday,13:00-14:00,CBS,Programming
Prof. Navarro,Thursday,12:00-13:00,COE,Finance
Prof. Navarro,Thursday,10:00-11:00,CBS,Accounting
Prof. Navarro,Thursday,7:00-8:00,CAS,Programming
Prof. Navarro,Thursday,9:00-10:00,COED,Marketing
Prof. Navarro,Thursday,13:00-14:00,CAS,Programming
Prof. Navarro,Monday,12:00-13:00,COE,Finance
Prof. Navarro,Monday,10:00-11:00,COED,Math
Prof. Navarro,Monday,7:00-8:00,COE,Programming
Prof. Navarro,Monday,9:00-10:00,CAS,Programming
Prof. Navarro,Monday,13:00-14:00,COED,Programming
Prof. Navarro,Tuesday,12:00-13:00,CAS,English
Prof. Navarro,Tuesday,10:00-11:00,CBS,Marketing
Prof. Navarro,Tuesday,7:00-8:00,CBS,Finance
Prof. Navarro,Tuesday,9:00-10:00,CBS,English
Prof. Navarro,Tuesday,13:00-14:00,COE,Programming
Prof. Navarro,Friday,12:00-13:00,CBS,English
Prof. Navarro,Friday,10:00-11:00,COED,Marketing
Prof. Navarro,Friday,7:00-8:00,COE,Math
Prof. Navarro,Friday,9:00-10:00,CAS,Law
Prof. Navarro,Friday,13:00-14:00,CBS,Finance
Prof. Domingo,Thursday,12:00-13:00,COE,Law
Prof. Domingo,Thursday,13:00-14:00,CBS,Accounting
Prof. Domingo,Thursday,16:00-17:00,COED,Finance
Prof. Domingo,Wednesday,12:00-13:00,CAS,Law
Prof. Domingo,Wednesday,13:00-14:00,CBS,Programming
Prof. Domingo,Wednesday,16:00-17:00,COED,Finance
Prof. Domingo,Sunday,12:00-13:00,CAS,English
Prof. Domingo,Sunday,13:00-14:00,COE,Finance
Prof. Domingo,Sunday,16:00-17:00,CBS,Law
Prof. Domingo,Tuesday,12:00-13:00,COED,Finance
Prof. Domingo,Tuesday,13:00-14:00,CBS,Programming
Prof. Domingo,Tuesday,16:00-17:00,COE,Marketing
Prof. Domingo,Saturday,12:00-13:00,CAS,Programming
Prof. Domingo,Saturday,13:00-14:00,COED,Marketing
Prof. Domingo,Saturday,16:00-17:00,COED,Marketing
Prof. Padilla,Thursday,17:00-18:00,COED,Finance
Prof. Padilla,Thursday,11:00-12:00,COED,Math
Prof. Padilla,Thursday,10:00-11:00,CBS,Law
Prof. Padilla,Wednesday,17:00-18:00,COE,Accounting
Prof. Padilla,Wednesday,11:00-12:00,CAS,Math
Prof. Padilla,Wednesday,10:00-11:00,COED,Programming
Prof. Padilla,Tuesday,17:00-18:00,COE,Programming
Prof. Padilla,Tuesday,11:00-12:00,CAS,Accounting
Prof. Padilla,Tuesday,10:00-11:00,CBS,Law
Prof. Padilla,Saturday,17:00-18:00,COED,Programming
Prof. Padilla,Saturday,11:00-12:00,COED,Accounting
Prof. Padilla,Saturday,10:00-11:00,CBS,Math
Prof. Padilla,Monday,17:00-18:00,COED,Finance
Prof. Padilla,Monday,11:00-12:00,CBS,English
Prof. Padilla,Monday,10:00-11:00,COED,Finance
Prof. Padilla,Sunday,17:00-18:00,COE,Math
Prof. Padilla,Sunday,11:00-12:00,COE,Accounting
Prof. Padilla,Sunday,10:00-11:00,COE,Finance
Prof. Silva,Sunday,7:00-8:00,COE,Marketing
Prof. Silva,Sunday,14:00-15:00,CAS,Accounting
Prof. Silva,Sunday,11:00-12:00,COE,Finance
Prof. Silva,Thursday,7:00-8:00,CAS,Math
Prof. Silva,Thursday,14:00-15:00,CBS,Math
Prof. Silva,Thursday,11:00-12:00,COE,English
Prof. Silva,Friday,7:00-8:00,CBS,Accounting
Prof. Silva,Friday,14:00-15:00,CBS,Math
Prof. Silva,Friday,11:00-12:00,CAS,Law
Prof. Silva,Monday,7:00-8:00,COE,Law
Prof. Silva,Monday,14:00-15:00,COED,Math
Prof. Silva,Monday,11:00-12:00,COE,Programming
Prof. Silva,Saturday,7:00-8:00,CBS,Math
Prof. Silva,Saturday,14:00-15:00,COED,Finance
Prof. Silva,Saturday,11:00-12:00,COE,Finance
Prof. Delos Santos,Friday,7:00-8:00,CAS,Programming
Prof. Delos Santos,Friday,10:00-11:00,CBS,English
Prof. Delos Santos,Friday,14:00-15:00,CAS,Math
Prof. Delos Santos,Friday,12:00-13:00,CAS,Programming
Prof. Delos Santos,Monday,7:00-8:00,COE,English
Prof. Delos Santos,Monday,10:00-11:00,COED,Finance
Prof. Delos Santos,Monday,14:00-15:00,CAS,Finance
Prof. Delos Santos,Monday,12:00-13:00,COED,Marketing
Prof. Delos Santos,Wednesday,7:00-8:00,COE,Math
Prof. Delos Santos,Wednesday,10:00-11:00,CBS,Accounting
Prof. Delos Santos,Wednesday,14:00-15:00,COED,Finance
Prof. Delos Santos,Wednesday,12:00-13:00,CAS,English
Prof. Delos Santos,Saturday,7:00-8:00,COED,Math
Prof. Delos Santos,Saturday,10:00-11:00,CBS,Math
Prof. Delos Santos,Saturday,14:00-15:00,COE,Marketing
Prof. Delos Santos,Saturday,12:00-13:00,CBS,Math
Prof. Fernandez,Thursday,17:00-18:00,CAS,Math
Prof. Fernandez,Thursday,12:00-13:00,CBS,Programming
Prof. Fernandez,Thursday,9:00-10:00,CAS,Marketing
Prof. Fernandez,Saturday,17:00-18:00,CAS,Accounting
Prof. Fernandez,Saturday,12:00-13:00,COED,Law
Prof. Fernandez,Saturday,9:00-10:00,CAS,Marketing
Prof. Fernandez,Sunday,17:00-18:00,COE,Programming
Prof. Fernandez,Sunday,12:00-13:00,CBS,Law
Prof. Fernandez,Sunday,9:00-10:00,CAS,English
Prof. Fernandez,Monday,17:00-18:00,CBS,Accounting
Prof. Fernandez,Monday,12:00-13:00,COED,Marketing
Prof. Fernandez,Monday,9:00-10:00,COE,Law
Prof. Fernandez,Friday,17:00-18:00,COED,English
Prof. Fernandez,Friday,12:00-13:00,CAS,Programming
Prof. Fernandez,Friday,9:00-10:00,CBS,Marketing
Prof. Perez,Monday,7:00-8:00,COE,Finance
Prof. Perez,Monday,17:00-18:00,COED,Programming
Prof. Perez,Monday,16:00-17:00,CAS,Finance
Prof. Perez,Monday,15:00-16:00,COED,Accounting
Prof. Perez,Monday,13:00-14:00,CAS,Programming
Prof. Perez,Thursday,7:00-8:00,CAS,Law
Prof. Perez,Thursday,17:00-18:00,COED,Law
Prof. Perez,Thursday,16:00-17:00,COE,Law
Prof. Perez,Thursday,15:00-16:00,CAS,Finance
Prof. Perez,Thursday,13:00-14:00,CAS,Law
Prof. Perez,Saturday,7:00-8:00,CBS,Math
Prof. Perez,Saturday,17:00-18:00,COED,Programming
Prof. Perez,Saturday,16:00-17:00,COE,Finance
Prof. Perez,Saturday,15:00-16:00,COED,English
Prof. Perez,Saturday,13:00-14:00,COED,Marketing
Prof. Perez,Friday,7:00-8:00,COE,Finance
Prof. Perez,Friday,17:00-18:00,COE,Marketing
Prof. Perez,Friday,16:00-17:00,COE,English
Prof. Perez,Friday,15:00-16:00,CAS,Finance
Prof. Perez,Friday,13:00-14:00,CAS,Finance
Prof. Perez,Sunday,7:00-8:00,COE,Accounting
Prof. Perez,Sunday,17:00-18:00,CAS,Marketing
Prof. Perez,Sunday,16:00-17:00,COE,Accounting
Prof. Perez,Sunday,15:00-16:00,CBS,Math
Prof. Perez,Sunday,13:00-14:00,COE,Programming
Prof. Perez,Tuesday,7:00-8:00,CBS,Programming
Prof. Perez,Tuesday,17:00-18:00,CAS,Marketing
Prof. Perez,Tuesday,16:00-17:00,CBS,Law
Prof. Perez,Tuesday,15:00-16:00,COE,Math
Prof. Perez,Tuesday,13:00-14:00,COED,Marketing
Prof. Jimenez,Sunday,11:00-12:00,CBS,Law
Prof. Jimenez,Sunday,13:00-14:00,COED,Accounting
Prof. Jimenez,Sunday,14:00-15:00,COED,Programming
Prof. Jimenez,Sunday,15:00-16:00,CAS,Math
Prof. Jimenez,Saturday,11:00-12:00,CAS,Finance
Prof. Jimenez,Saturday,13:00-14:00,CAS,Accounting
Prof. Jimenez,Saturday,14:00-15:00,COE,Accounting
Prof. Jimenez,Saturday,15:00-16:00,COED,English
Prof. Jimenez,Thursday,11:00-12:00,COE,Programming
Prof. Jimenez,Thursday,13:00-14:00,COED,Accounting
Prof. Jimenez,Thursday,14:00-15:00,CAS,Finance
Prof. Jimenez,Thursday,15:00-16:00,COED,Accounting
Prof. Jimenez,Friday,11:00-12:00,COED,Programming
Prof. Jimenez,Friday,13:00-14:00,COED,Accounting
Prof. Jimenez,Friday,14:00-15:00,CBS,Accounting
Prof. Jimenez,Friday,15:00-16:00,COE,Accounting
Prof. Jimenez,Tuesday,11:00-12:00,CBS,Marketing
Prof. Jimenez,Tuesday,13:00-14:00,CBS,English
Prof. Jimenez,Tuesday,14:00-15:00,CAS,Marketing
Prof. Jimenez,Tuesday,15:00-16:00,CAS,Math
Prof. Aguilar,Wednesday,17:00-18:00,CBS,Finance
Prof. Aguilar,Wednesday,11:00-12:00,COED,Finance
Prof. Aguilar,Wednesday,8:00-9:00,COED,English
Prof. Aguilar,Thursday,17:00-18:00,COE,English
Prof. Aguilar,Thursday,11:00-12:00,CBS,Law
Prof. Aguilar,Thursday,8:00-9:00,COE,Law
Prof. Aguilar,Monday,17:00-18:00,CAS,Accounting
Prof. Aguilar,Monday,11:00-12:00,CAS,English
Prof. Aguilar,Monday,8:00-9:00,COED,Math
Prof. Aguilar,Tuesday,17:00-18:00,COED,Finance
Prof. Aguilar,Tuesday,11:00-12:00,CAS,Accounting
Prof. Aguilar,Tuesday,8:00-9:00,CAS,Math
Prof. Villanueva,Sunday,7:00-8:00,COE,Math
Prof. Villanueva,Sunday,15:00-16:00,COED,Programming
Prof. Villanueva,Sunday,12:00-13:00,CAS,Programming
Prof. Villanueva,Sunday,14:00-15:00,CBS,Law
Prof. Villanueva,Sunday,13:00-14:00,COED,English
Prof. Villanueva,Saturday,7:00-8:00,CBS,English
Prof. Villanueva,Saturday,15:00-16:00,COE,Marketing
Prof. Villanueva,Saturday,12:00-13:00,CAS,English
Prof. Villanueva,Saturday,14:00-15:00,CBS,Marketing
Prof. Villanueva,Saturday,13:00-14:00,COED,Accounting
Prof. Villanueva,Monday,7:00-8:00,COE,English
Prof. Villanueva,Monday,15:00-16:00,COED,Programming
Prof. Villanueva,Monday,12:00-13:00,CAS,Programming
Prof. Villanueva,Monday,14:00-15:00,COE,Marketing
Prof. Villanueva,Monday,13:00-14:00,COE,English
Prof. De Leon,Wednesday,16:00-17:00,CBS,Marketing
Prof. De Leon,Wednesday,8:00-9:00,COED,Accounting
Prof. De Leon,Wednesday,9:00-10:00,COED,Math
Prof. De Leon,Monday,16:00-17:00,COE,Math
Prof. De Leon,Monday,8:00-9:00,CAS,Accounting
Prof. De Leon,Monday,9:00-10:00,CBS,Marketing
Prof. De Leon,Friday,16:00-17:00,COED,English
Prof. De Leon,Friday,8:00-9:00,CBS,Finance
Prof. De Leon,Friday,9:00-10:00,CBS,Math
Prof. De Leon,Tuesday,16:00-17:00,COE,Finance
Prof. De Leon,Tuesday,8:00-9:00,CAS,Law
Prof. De Leon,Tuesday,9:00-10:00,CBS,English
Prof. De Leon,Thursday,16:00-17:00,CAS,Math
Prof. De Leon,Thursday,8:00-9:00,COE,English
Prof. De Leon,Thursday,9:00-10:00,CAS,English
Prof. Rosales,Wednesday,16:00-17:00,CAS,Programming
Prof. Rosales,Wednesday,15:00-16:00,CBS,Law
Prof. Rosales,Wednesday,7:00-8:00,COE,Marketing
Prof. Rosales,Wednesday,12:00-13:00,CAS,Marketing
Prof. Rosales,Wednesday,13:00-14:00,CBS,Accounting
Prof. Rosales,Thursday,16:00-17:00,COED,Finance
Prof. Rosales,Thursday,15:00-16:00,CAS,Marketing
Prof. Rosales,Thursday,7:00-8:00,CAS,Programming
Prof. Rosales,Thursday,12:00-13:00,COE,Accounting
Prof. Rosales,Thursday,13:00-14:00,COE,English
Prof. Rosales,Monday,16:00-17:00,CBS,Law
Prof. Rosales,Monday,15:00-16:00,COE,Math
Prof. Rosales,Monday,7:00-8:00,COE,Finance
Prof. Rosales,Monday,12:00-13:00,CAS,Law
Prof. Rosales,Monday,13:00-14:00,CBS,Accounting
Prof. Lagman,Wednesday,7:00-8:00,COE,Finance
Prof. Lagman,Wednesday,17:00-18:00,COED,Marketing
Prof. Lagman,Wednesday,11:00-12:00,COED,Finance
Prof. Lagman,Wednesday,15:00-16:00,COE,English
Prof. Lagman,Wednesday,10:00-11:00,CAS,Math
Prof. Lagman,Thursday,7:00-8:00,CAS,Marketing
Prof. Lagman,Thursday,17:00-18:00,COED,Math
Prof. Lagman,Thursday,11:00-12:00,CAS,Marketing
Prof. Lagman,Thursday,15:00-16:00,CBS,Math
Prof. Lagman,Thursday,10:00-11:00,COED,Finance
Prof. Lagman,Monday,7:00-8:00,COED,Finance
Prof. Lagman,Monday,17:00-18:00,COE,Accounting
Prof. Lagman,Monday,11:00-12:00,CAS,Law
Prof. Lagman,Monday,15:00-16:00,CBS,Finance
Prof. Lagman,Monday,10:00-11:00,CBS,English
Prof. Lagman,Sunday,7:00-8:00,COED,Finance
Prof. Lagman,Sunday,17:00-18:00,CBS,Law
Prof. Lagman,Sunday,11:00-12:00,CAS,Marketing
Prof. Lagman,Sunday,15:00-16:00,CBS,Finance
Prof. Lagman,Sunday,10:00-11:00,CAS,Marketing
Prof. Soriano,Monday,9:00-10:00,CAS,Finance
Prof. Soriano,Monday,11:00-12:00,COE,Math
Prof. Soriano,Monday,13:00-14:00,COED,Math
Prof. Soriano,Monday,17:00-18:00,COE,Finance
Prof. Soriano,Thursday,9:00-10:00,CAS,Marketing
Prof. Soriano,Thursday,11:00-12:00,COE,Math
Prof. Soriano,Thursday,13:00-14:00,CAS,Law
Prof. Soriano,Thursday,17:00-18:00,COE,Marketing
Prof. Soriano,Friday,9:00-10:00,COED,Accounting
Prof. Soriano,Friday,11:00-12:00,CBS,Math
Prof. Soriano,Friday,13:00-14:00,COE,Finance
Prof. Soriano,Friday,17:00-18:00,CAS,English
Prof. Soriano,Tuesday,9:00-10:00,COE,Marketing
Prof. Soriano,Tuesday,11:00-12:00,COE,Programming
Prof. Soriano,Tuesday,13:00-14:00,COED,Programming
Prof. Soriano,Tuesday,17:00-18:00,CBS,Marketing
Prof. Espino,Tuesday,7:00-8:00,CBS,Programming
Prof. Espino,Tuesday,15:00-16:00,CBS,Marketing
Prof. Espino,Tuesday,11:00-12:00,CAS,Finance
Prof. Espino,Wednesday,7:00-8:00,COED,English
Prof. Espino,Wednesday,15:00-16:00,COE,Math
Prof. Espino,Wednesday,11:00-12:00,COE,Math
Prof. Espino,Sunday,7:00-8:00,COED,Law
Prof. Espino,Sunday,15:00-16:00,COED,Finance
Prof. Espino,Sunday,11:00-12:00,COE,Accounting
Prof. Espino,Friday,7:00-8:00,CBS,English
Prof. Espino,Friday,15:00-16:00,CBS,Marketing
Prof. Espino,Friday,11:00-12:00,CBS,Marketing
Prof. Alvarez,Sunday,17:00-18:00,CBS,Accounting
Prof. Alvarez,Sunday,12:00-13:00,CAS,Math
Prof. Alvarez,Sunday,10:00-11:00,CAS,English
Prof. Alvarez,Sunday,16:00-17:00,CBS,Programming
Prof. Alvarez,Sunday,11:00-12:00,COED,Finance
Prof. Alvarez,Wednesday,17:00-18:00,CAS,Law
Prof. Alvarez,Wednesday,12:00-13:00,CAS,English
Prof. Alvarez,Wednesday,10:00-11:00,COED,Law
Prof. Alvarez,Wednesday,16:00-17:00,COE,Programming
Prof. Alvarez,Wednesday,11:00-12:00,COED,Accounting
Prof. Alvarez,Friday,17:00-18:00,CAS,Marketing
Prof. Alvarez,Friday,12:00-13:00,CAS,Math
Prof. Alvarez,Friday,10:00-11:00,COE,Law
Prof. Alvarez,Friday,16:00-17:00,CAS,Programming
Prof. Alvarez,Friday,11:00-12:00,CBS,English
Prof. Alvarez,Monday,17:00-18:00,CAS,Finance
Prof. Alvarez,Monday,12:00-13:00,CBS,Law
Prof. Alvarez,Monday,10:00-11:00,COE,Accounting
Prof. Alvarez,Monday,16:00-17:00,COED,Law
Prof. Alvarez,Monday,11:00-12:00,CBS,Math
Prof. Alvarez,Saturday,17:00-18:00,COE,Math
Prof. Alvarez,Saturday,12:00-13:00,COE,Programming
Prof. Alvarez,Saturday,10:00-11:00,COE,Finance
Prof. Alvarez,Saturday,16:00-17:00,CBS,Accounting
Prof. Alvarez,Saturday,11:00-12:00,COED,Accounting
Prof. Alvarez,Thursday,17:00-18:00,COE,Accounting
Prof. Alvarez,Thursday,12:00-13:00,CBS,Accounting
Prof. Alvarez,Thursday,10:00-11:00,COED,Marketing
Prof. Alvarez,Thursday,16:00-17:00,CAS,Math
Prof. Alvarez,Thursday,11:00-12:00,COE,Programming
Prof. Roxas,Friday,8:00-9:00,CAS,Law
Prof. Roxas,Friday,15:00-16:00,COE,Law
Prof. Roxas,Friday,7:00-8:00,COE,Math
Prof. Roxas,Saturday,8:00-9:00,COED,Finance
Prof. Roxas,Saturday,15:00-16:00,CAS,Law
Prof. Roxas,Saturday,7:00-8:00,CAS,English
Prof. Roxas,Monday,8:00-9:00,COE,Marketing
Prof. Roxas,Monday,15:00-16:00,CBS,Law
Prof. Roxas,Monday,7:00-8:00,COED,Programming
Prof. Tan,Friday,9:00-10:00,COE,Finance
Prof. Tan,Friday,17:00-18:00,COE,English
Prof. Tan,Friday,12:00-13:00,COED,Marketing
Prof. Tan,Friday,11:00-12:00,COED,Law
Prof. Tan,Friday,15:00-16:00,CAS,Math
Prof. Tan,Wednesday,9:00-10:00,COE,Math
Prof. Tan,Wednesday,17:00-18:00,CAS,Marketing
Prof. Tan,Wednesday,12:00-13:00,CAS,Law
Prof. Tan,Wednesday,11:00-12:00,CBS,Finance
Prof. Tan,Wednesday,15:00-16:00,COED,Law
Prof. Tan,Thursday,9:00-10:00,CBS,Marketing
Prof. Tan,Thursday,17:00-18:00,CBS,English
Prof. Tan,Thursday,12:00-13:00,CBS,Accounting
Prof. Tan,Thursday,11:00-12:00,CBS,Law
Prof. Tan,Thursday,15:00-16:00,CBS,Law
Prof. Tan,Monday,9:00-10:00,COED,Finance
Prof. Tan,Monday,17:00-18:00,COE,English
Prof. Tan,Monday,12:00-13:00,COE,Programming
Prof. Tan,Monday,11:00-12:00,CBS,Accounting
Prof. Tan,Monday,15:00-16:00,COED,English
Prof. Yap,Tuesday,17:00-18:00,COED,Accounting
Prof. Yap,Tuesday,16:00-17:00,COED,Programming
Prof. Yap,Tuesday,8:00-9:00,COE,Programming
Prof. Yap,Sunday,17:00-18:00,CAS,Programming
Prof. Yap,Sunday,16:00-17:00,COED,Finance
Prof. Yap,Sunday,8:00-9:00,COED,Law
Prof. Yap,Friday,17:00-18:00,COED,Programming
Prof. Yap,Friday,16:00-17:00,COE,Programming
Prof. Yap,Friday,8:00-9:00,CAS,Programming
Prof. Yap,Wednesday,17:00-18:00,COE,Math
Prof. Yap,Wednesday,16:00-17:00,COE,Programming
Prof. Yap,Wednesday,8:00-9:00,COE,Programming
Prof. Yap,Monday,17:00-18:00,CBS,English
Prof. Yap,Monday,16:00-17:00,CBS,Programming
Prof. Yap,Monday,8:00-9:00,CBS,Accounting
Prof. Lim,Friday,16:00-17:00,COE,English
Prof. Lim,Friday,9:00-10:00,COED,Finance
Prof. Lim,Friday,8:00-9:00,COE,English
Prof. Lim,Friday,13:00-14:00,CAS,Programming
Prof. Lim,Thursday,16:00-17:00,CBS,English
Prof. Lim,Thursday,9:00-10:00,COE,English
Prof. Lim,Thursday,8:00-9:00,CAS,Accounting
Prof. Lim,Thursday,13:00-14:00,CAS,Finance
Prof. Lim,Sunday,16:00-17:00,COE,Law
Prof. Lim,Sunday,9:00-10:00,CBS,Programming
Prof. Lim,Sunday,8:00-9:00,CBS,Law
Prof. Lim,Sunday,13:00-14:00,COED,Programming
Prof. Lim,Monday,16:00-17:00,CAS,Programming
Prof. Lim,Monday,9:00-10:00,COED,Law
Prof. Lim,Monday,8:00-9:00,COE,Programming
Prof. Lim,Monday,13:00-14:00,CBS,Marketing
Prof. Lim,Saturday,16:00-17:00,CAS,English
Prof. Lim,Saturday,9:00-10:00,COED,Law
Prof. Lim,Saturday,8:00-9:00,COED,Finance
Prof. Lim,Saturday,13:00-14:00,CAS,Finance
Prof. Lim,Wednesday,16:00-17:00,COED,English
Prof. Lim,Wednesday,9:00-10:00,COE,Programming
Prof. Lim,Wednesday,8:00-9:00,COED,Finance
Prof. Lim,Wednesday,13:00-14:00,COE,Finance
Prof. Chua,Sunday,8:00-9:00,CAS,Accounting
Prof. Chua,Sunday,10:00-11:00,CAS,Marketing
Prof. Chua,Sunday,12:00-13:00,CBS,Marketing
Prof. Chua,Wednesday,8:00-9:00,CBS,Law
Prof. Chua,Wednesday,10:00-11:00,CAS,Law
Prof. Chua,Wednesday,12:00-13:00,COED,Marketing
Prof. Chua,Saturday,8:00-9:00,CAS,Marketing
Prof. Chua,Saturday,10:00-11:00,CBS,Marketing
Prof. Chua,Saturday,12:00-13:00,COED,Math
Prof. Chua,Monday,8:00-9:00,COED,Programming
Prof. Chua,Monday,10:00-11:00,COED,Marketing
Prof. Chua,Monday,12:00-13:00,COE,Accounting
Prof. Chua,Thursday,8:00-9:00,CBS,Marketing
Prof. Chua,Thursday,10:00-11:00,CAS,Law
Prof. Chua,Thursday,12:00-13:00,COED,Math
Prof. Ong,Thursday,7:00-8:00,CBS,Law
Prof. Ong,Thursday,15:00-16:00,COED,Marketing
Prof. Ong,Thursday,12:00-13:00,COE,Marketing
Prof. Ong,Thursday,14:00-15:00,CAS,Accounting
Prof. Ong,Tuesday,7:00-8:00,CBS,English
Prof. Ong,Tuesday,15:00-16:00,COED,Math
Prof. Ong,Tuesday,12:00-13:00,CAS,Accounting
Prof. Ong,Tuesday,14:00-15:00,CAS,Law
Prof. Ong,Friday,7:00-8:00,CAS,Finance
Prof. Ong,Friday,15:00-16:00,CAS,Marketing
Prof. Ong,Friday,12:00-13:00,COED,English
Prof. Ong,Friday,14:00-15:00,CBS,Marketing
Prof. Sy,Saturday,16:00-17:00,CBS,Law
Prof. Sy,Saturday,15:00-16:00,COED,Law
Prof. Sy,Saturday,10:00-11:00,COE,Accounting
Prof. Sy,Thursday,16:00-17:00,CAS,Math
Prof. Sy,Thursday,15:00-16:00,CAS,Programming
Prof. Sy,Thursday,10:00-11:00,CBS,Math
Prof. Sy,Monday,16:00-17:00,COE,Accounting
Prof. Sy,Monday,15:00-16:00,CBS,Math
Prof. Sy,Monday,10:00-11:00,CBS,Finance
Prof. Sy,Wednesday,16:00-17:00,CAS,Programming
Prof. Sy,Wednesday,15:00-16:00,CBS,Finance
Prof. Sy,Wednesday,10:00-11:00,CAS,Programming
Prof. Go,Monday,14:00-15:00,COED,Finance
Prof. Go,Monday,17:00-18:00,COED,Marketing
Prof. Go,Monday,16:00-17:00,CAS,Programming
Prof. Go,Monday,12:00-13:00,COE,Accounting
Prof. Go,Monday,8:00-9:00,CAS,Programming
Prof. Go,Tuesday,14:00-15:00,CBS,Programming
Prof. Go,Tuesday,17:00-18:00,COE,Law
Prof. Go,Tuesday,16:00-17:00,COED,Finance
Prof. Go,Tuesday,12:00-13:00,CAS,Law
Prof. Go,Tuesday,8:00-9:00,COED,English
Prof. Go,Thursday,14:00-15:00,COED,Marketing
Prof. Go,Thursday,17:00-18:00,CAS,Math
Prof. Go,Thursday,16:00-17:00,COE,English
Prof. Go,Thursday,12:00-13:00,COED,Accounting
Prof. Go,Thursday,8:00-9:00,COED,Law
Prof. Go,Wednesday,14:00-15:00,COED,Finance
Prof. Go,Wednesday,17:00-18:00,COE,Programming
Prof. Go,Wednesday,16:00-17:00,COED,Math
Prof. Go,Wednesday,12:00-13:00,COED,English
Prof. Go,Wednesday,8:00-9:00,COED,Finance
Prof. Velasco,Saturday,9:00-10:00,CBS,Finance
Prof. Velasco,Saturday,11:00-12:00,CAS,Finance
Prof. Velasco,Saturday,15:00-16:00,CAS,Accounting
Prof. Velasco,Wednesday,9:00-10:00,CAS,Math
Prof. Velasco,Wednesday,11:00-12:00,CBS,Math
Prof. Velasco,Wednesday,15:00-16:00,CAS,Accounting
Prof. Velasco,Sunday,9:00-10:00,COE,Finance
Prof. Velasco,Sunday,11:00-12:00,COE,Programming
Prof. Velasco,Sunday,15:00-16:00,CAS,English
Prof. Velasco,Thursday,9:00-10:00,COED,Marketing
Prof. Velasco,Thursday,11:00-12:00,CBS,Programming
Prof. Velasco,Thursday,15:00-16:00,CBS,Accounting
Prof. Carbonell,Thursday,14:00-15:00,CAS,Math
Prof. Carbonell,Thursday,12:00-13:00,CBS,Law
Prof. Carbonell,Thursday,9:00-10:00,COE,English
Prof. Carbonell,Thursday,11:00-12:00,COED,Accounting
Prof. Carbonell,Saturday,14:00-15:00,COE,Programming
Prof. Carbonell,Saturday,12:00-13:00,CAS,Law
Prof. Carbonell,Saturday,9:00-10:00,CBS,English
Prof. Carbonell,Saturday,11:00-12:00,COE,Finance
Prof. Carbonell,Sunday,14:00-15:00,COED,Marketing
Prof. Carbonell,Sunday,12:00-13:00,COED,English
Prof. Carbonell,Sunday,9:00-10:00,CAS,Finance
Prof. Carbonell,Sunday,11:00-12:00,COE,English
Prof. Carbonell,Wednesday,14:00-15:00,COED,Accounting
Prof. Carbonell,Wednesday,12:00-13:00,CBS,Marketing
Prof. Carbonell,Wednesday,9:00-10:00,COED,Math
Prof. Carbonell,Wednesday,11:00-12:00,COE,Math
Prof. Carbonell,Monday,14:00-15:00,COED,Math
Prof. Carbonell,Monday,12:00-13:00,CBS,Law
Prof. Carbonell,Monday,9:00-10:00,COED,Programming
Prof. Carbonell,Monday,11:00-12:00,CAS,Finance
Prof. Panganiban,Friday,16:00-17:00,CBS,Math
Prof. Panganiban,Friday,13:00-14:00,CAS,Law
Prof. Panganiban,Friday,17:00-18:00,CAS,Law
Prof. Panganiban,Saturday,16:00-17:00,CBS,English
Prof. Panganiban,Saturday,13:00-14:00,CBS,Marketing
Prof. Panganiban,Saturday,17:00-18:00,CAS,Finance
Prof. Panganiban,Sunday,16:00-17:00,CBS,Finance
Prof. Panganiban,Sunday,13:00-14:00,COE,Marketing
Prof. Panganiban,Sunday,17:00-18:00,COE,Programming
Prof. Panganiban,Thursday,16:00-17:00,COE,Math
Prof. Panganiban,Thursday,13:00-14:00,CAS,Math
Prof. Panganiban,Thursday,17:00-18:00,CBS,Marketing
Prof. Panganiban,Wednesday,16:00-17:00,COED,Finance
Prof. Panganiban,Wednesday,13:00-14:00,CBS,Marketing
Prof. Panganiban,Wednesday,17:00-18:00,COED,Programming
Prof. Panganiban,Monday,16:00-17:00,COED,Law
Prof. Panganiban,Monday,13:00-14:00,CBS,Accounting
Prof. Panganiban,Monday,17:00-18:00,COED,Marketing
Prof. Galang,Thursday,8:00-9:00,CBS,Marketing
Prof. Galang,Thursday,10:00-11:00,COED,Marketing
Prof. Galang,Thursday,15:00-16:00,CBS,English
Prof. Galang,Thursday,7:00-8:00,COE,Math
Prof. Galang,Saturday,8:00-9:00,CAS,Marketing
Prof. Galang,Saturday,10:00-11:00,COE,Math
Prof. Galang,Saturday,15:00-16:00,CBS,Math
Prof. Galang,Saturday,7:00-8:00,CAS,Law
Prof. Galang,Monday,8:00-9:00,COE,Accounting
Prof. Galang,Monday,10:00-11:00,COED,Programming
Prof. Galang,Monday,15:00-16:00,CBS,Finance
Prof. Galang,Monday,7:00-8:00,COE,Law
Prof. Galang,Friday,8:00-9:00,COE,Finance
Prof. Galang,Friday,10:00-11:00,CBS,Programming
Prof. Galang,Friday,15:00-16:00,COE,Finance
Prof. Galang,Friday,7:00-8:00,CBS,Accounting
Prof. Galang,Sunday,8:00-9:00,CBS,Marketing
Prof. Galang,Sunday,10:00-11:00,COED,Accounting
Prof. Galang,Sunday,15:00-16:00,CAS,Finance
Prof. Galang,Sunday,7:00-8:00,CAS,Marketing
Prof. Galang,Tuesday,8:00-9:00,CBS,Marketing
Prof. Galang,Tuesday,10:00-11:00,COED,English
Prof. Galang,Tuesday,15:00-16:00,COED,Math
Prof. Galang,Tuesday,7:00-8:00,COED,Law
Prof. Valdez,Wednesday,15:00-16:00,COED,Law
Prof. Valdez,Wednesday,16:00-17:00,CAS,English
Prof. Valdez,Wednesday,8:00-9:00,CAS,Marketing
Prof. Valdez,Wednesday,13:00-14:00,COE,Accounting
Prof. Valdez,Wednesday,12:00-13:00,CBS,Finance
Prof. Valdez,Saturday,15:00-16:00,CBS,Law
Prof. Valdez,Saturday,16:00-17:00,CAS,Math
Prof. Valdez,Saturday,8:00-9:00,CBS,English
Prof. Valdez,Saturday,13:00-14:00,COED,Finance
Prof. Valdez,Saturday,12:00-13:00,CAS,Law
Prof. Valdez,Tuesday,15:00-16:00,CAS,Math
Prof. Valdez,Tuesday,16:00-17:00,COE,Marketing
Prof. Valdez,Tuesday,8:00-9:00,CAS,Law
Prof. Valdez,Tuesday,13:00-14:00,CAS,Accounting
Prof. Valdez,Tuesday,12:00-13:00,COED,Accounting
Prof. Valdez,Monday,15:00-16:00,COED,Math
Prof. Valdez,Monday,16:00-17:00,COED,Accounting
Prof. Valdez,Monday,8:00-9:00,CBS,Accounting
Prof. Valdez,Monday,13:00-14:00,COED,Finance
Prof. Valdez,Monday,12:00-13:00,CBS,Marketing
Prof. Valdez,Friday,15:00-16:00,COED,Marketing
Prof. Valdez,Friday,16:00-17:00,CBS,Marketing
Prof. Valdez,Friday,8:00-9:00,COED,Math
Prof. Valdez,Friday,13:00-14:00,COE,English
Prof. Valdez,Friday,12:00-13:00,COED,Finance
Prof. Calma,Wednesday,12:00-13:00,CBS,Finance
Prof. Calma,Wednesday,9:00-10:00,COED,Marketing
Prof. Calma,Wednesday,13:00-14:00,COED,Math
Prof. Calma,Wednesday,16:00-17:00,COED,Finance
Prof. Calma,Wednesday,14:00-15:00,CAS,Marketing
Prof. Calma,Monday,12:00-13:00,COED,Programming
Prof. Calma,Monday,9:00-10:00,CAS,Accounting
Prof. Calma,Monday,13:00-14:00,COED,Programming
Prof. Calma,Monday,16:00-17:00,COE,Law
Prof. Calma,Monday,14:00-15:00,CAS,Math
Prof. Calma,Sunday,12:00-13:00,COED,Marketing
Prof. Calma,Sunday,9:00-10:00,CAS,Programming
Prof. Calma,Sunday,13:00-14:00,CBS,Math
Prof. Calma,Sunday,16:00-17:00,COED,Accounting
Prof. Calma,Sunday,14:00-15:00,COE,Programming
Prof. Dizon,Saturday,12:00-13:00,CBS,Accounting
Prof. Dizon,Saturday,10:00-11:00,COE,Marketing
Prof. Dizon,Saturday,7:00-8:00,COE,Programming
Prof. Dizon,Sunday,12:00-13:00,CAS,Programming
Prof. Dizon,Sunday,10:00-11:00,COED,Law
Prof. Dizon,Sunday,7:00-8:00,CAS,Finance
Prof. Dizon,Wednesday,12:00-13:00,COE,Programming
Prof. Dizon,Wednesday,10:00-11:00,COE,Programming
Prof. Dizon,Wednesday,7:00-8:00,CAS,Accounting
Prof. Dizon,Tuesday,12:00-13:00,COED,Law
Prof. Dizon,Tuesday,10:00-11:00,COE,English
Prof. Dizon,Tuesday,7:00-8:00,COED,Finance
Prof. Quiambao,Tuesday,8:00-9:00,COED,Marketing
Prof. Quiambao,Tuesday,11:00-12:00,COED,Marketing
Prof. Quiambao,Tuesday,12:00-13:00,COE,Law
Prof. Quiambao,Friday,8:00-9:00,CAS,Law
Prof. Quiambao,Friday,11:00-12:00,COE,Programming
Prof. Quiambao,Friday,12:00-13:00,COED,Programming
Prof. Quiambao,Sunday,8:00-9:00,CBS,Marketing
Prof. Quiambao,Sunday,11:00-12:00,CAS,Marketing
Prof. Quiambao,Sunday,12:00-13:00,CAS,Law
Prof. Quiambao,Saturday,8:00-9:00,COED,English
Prof. Quiambao,Saturday,11:00-12:00,COE,Law
Prof. Quiambao,Saturday,12:00-13:00,CAS,Accounting
Prof. Quiambao,Wednesday,8:00-9:00,COE,Finance
Prof. Quiambao,Wednesday,11:00-12:00,COED,Finance
Prof. Quiambao,Wednesday,12:00-13:00,CBS,Marketing
Prof. Quiambao,Thursday,8:00-9:00,CAS,Math
Prof. Quiambao,Thursday,11:00-12:00,CBS,Finance
Prof. Quiambao,Thursday,12:00-13:00,COE,Math
Prof. Aquino,Monday,7:00-8:00,CBS,Accounting
Prof. Aquino,Monday,16:00-17:00,CBS,Marketing
Prof. Aquino,Monday,9:00-10:00,COE,Law
Prof. Aquino,Thursday,7:00-8:00,CAS,Programming
Prof. Aquino,Thursday,16:00-17:00,CBS,Law
Prof. Aquino,Thursday,9:00-10:00,CBS,Finance
Prof. Aquino,Saturday,7:00-8:00,CBS,Math
Prof. Aquino,Saturday,16:00-17:00,CAS,Finance
Prof. Aquino,Saturday,9:00-10:00,COED,Accounting
Prof. Cunanan,Wednesday,9:00-10:00,COED,Accounting
Prof. Cunanan,Wednesday,11:00-12:00,COED,Law
Prof. Cunanan,Wednesday,12:00-13:00,COE,Marketing
Prof. Cunanan,Sunday,9:00-10:00,CBS,Finance
Prof. Cunanan,Sunday,11:00-12:00,CBS,Law
Prof. Cunanan,Sunday,12:00-13:00,CBS,English
Prof. Cunanan,Saturday,9:00-10:00,CBS,Finance
Prof. Cunanan,Saturday,11:00-12:00,COED,Marketing
Prof. Cunanan,Saturday,12:00-13:00,CAS,Math
Prof. Cunanan,Thursday,9:00-10:00,CAS,Law
Prof. Cunanan,Thursday,11:00-12:00,COE,Accounting
Prof. Cunanan,Thursday,12:00-13:00,CBS,English
